Isolate_ID,year,cluster_id,US_region,Michigan_human,Michigan_cattle
28094,2011,Cluster 1,Region 5,Yes,No
28125,2012,Cluster 1,Region 5,Yes,No
28133,2012,Cluster 1,Region 5,Yes,No
28148,2012,Cluster 1,Region 5,Yes,No
28149,2012,Cluster 1,Region 5,Yes,No
28159,2012,Cluster 1,Region 5,Yes,No
28160,2012,Cluster 1,Region 5,Yes,No
61901,2017,Cluster 1,Region 3,No,No
61929,2017,Cluster 1,Region 3,No,No
61930,2017,Cluster 1,Region 3,No,No
61931,2017,Cluster 1,Region 3,No,No
61945,2015,Cluster 1,Region 3,No,No
61951,2015,Cluster 2,Region 3,No,No
61989,2016,Cluster 2,Region 3,No,No
61995,2016,Cluster 1,Region 3,No,No
61998,2016,Cluster 1,Region 3,No,No
62007,2016,Cluster 2,Region 3,No,No
62026,2017,Singleton,Region 3,No,No
62082,2016,Cluster 2,Region 3,No,No
90696,2019,Cluster 1,Region 5,No,No
91191,2018,Cluster 1,Region 9,No,No
91431,2018,Cluster 1,Region 9,No,No
91800,2018,Cluster 1,Region 4,No,No
91801,2018,Cluster 1,Region 3,No,No
91898,2018,Cluster 1,Region 6,No,No
91954,2018,Cluster 1,Region 9,No,No
92193,2017,Cluster 1,Region 2,No,No
92226,2017,Cluster 1,Region 4,No,No
92457,2017,Cluster 1,Region 6,No,No
92520,2016,Cluster 1,Region 3,No,No
92628,2017,Cluster 4,Region 6,No,No
92689,2016,Cluster 1,Region 9,No,No
92747,2016,Cluster 1,Region 7,No,No
93721,2017,Cluster 1,Region 7,No,No
93807,2017,Cluster 1,Region 5,No,No
93841,2017,Cluster 1,Region 6,No,No
93878,2017,Cluster 1,Region 9,No,No
93937,2017,Cluster 1,Region 4,No,No
93975,2016,Cluster 1,Region 2,No,No
94691,2019,Cluster 1,Region 5,No,No
94733,2018,Cluster 1,Region 3,No,No
95067,2018,Cluster 1,Region 3,No,No
95109,2018,Cluster 1,Region 9,No,No
95249,2018,Cluster 4,Region 6,No,No
98356,2019,Singleton,Region 3,No,No
98377,2019,Cluster 1,Region 4,No,No
98399,2019,Cluster 1,Region 3,No,No
98433,2019,Cluster 1,Region 4,No,No
98456,2019,Cluster 1,Region 4,No,No
98486,2019,Cluster 1,Region 7,No,No
98501,2019,Cluster 1,Region 7,No,No
98567,2019,Cluster 1,Region 8,No,No
98587,2019,Cluster 2,Region 9,No,No
98596,2019,Cluster 1,Region 4,No,No
98607,2019,Cluster 1,Region 7,No,No
98629,2018,Cluster 2,Region 7,No,No
98633,2019,Cluster 1,Region 3,No,No
98644,2019,Cluster 1,Region 7,No,No
98653,2019,Cluster 2,Region 10,No,No
98675,2019,Cluster 1,Region 9,No,No
98679,2018,Cluster 1,Region 9,No,No
98710,2018,Cluster 2,Region 9,No,No
98718,2018,Cluster 2,Region 5,No,No
98740,2018,Cluster 7,Region 8,No,No
98741,2018,Cluster 2,Region 5,No,No
98756,2018,Cluster 1,Region 8,No,No
98806,2018,Cluster 1,Region 7,No,No
98812,2018,Cluster 1,Region 8,No,No
98821,2018,Cluster 1,Region 7,No,No
98845,2018,Cluster 1,Region 5,No,No
98856,2018,Cluster 2,Region 8,No,No
98868,2018,Cluster 1,Region 3,No,No
98873,2018,Cluster 2,Region 8,No,No
98893,2018,Cluster 1,Region 7,No,No
98908,2018,Cluster 1,Region 5,No,No
98910,2018,Cluster 1,Region 7,No,No
98925,2018,Cluster 2,Region 9,No,No
98976,2018,Singleton,Region 5,No,No
98984,2018,Cluster 2,Region 9,No,No
98999,2018,Cluster 1,Region 5,No,No
99000,2018,Cluster 2,Region 7,No,No
99053,2018,Cluster 1,Region 5,No,No
99059,2018,Cluster 1,Region 3,No,No
99061,2018,Cluster 1,Region 8,No,No
99062,2018,Cluster 1,Region 9,No,No
99090,2018,Cluster 1,Region 8,No,No
99095,2018,Singleton,Region 10,No,No
99139,2018,Singleton,Region 1,No,No
99149,2018,Cluster 1,Region 6,No,No
99154,2018,Cluster 1,Region 4,No,No
99180,2018,Cluster 1,Region 2,No,No
99188,2018,Cluster 1,Region 4,No,No
99201,2018,Cluster 1,Region 3,No,No
99217,2018,Cluster 1,Region 7,No,No
99240,2018,Cluster 1,Region 10,No,No
99245,2018,Cluster 2,Region 8,No,No
99287,2018,Cluster 2,Region 5,No,No
99292,2018,Cluster 1,Region 7,No,No
99312,2018,Cluster 1,Region 7,No,No
99313,2018,Cluster 1,Region 7,No,No
99324,2018,Cluster 1,Region 5,No,No
99332,2018,Cluster 1,Region 7,No,No
99350,2018,Cluster 1,Region 7,No,No
99369,2018,Cluster 2,Region 5,No,No
99372,2015,Cluster 1,Region 5,No,No
99401,2016,Cluster 1,Region 10,No,No
99418,2016,Cluster 1,Region 9,No,No
99438,2016,Cluster 2,Region 5,No,No
99445,2016,Cluster 1,Region 10,No,No
99467,2016,Cluster 1,Region 7,No,No
99509,2016,Cluster 2,Region 7,No,No
99523,2016,Cluster 2,Region 6,No,No
99540,2016,Cluster 1,Region 8,No,No
99541,2016,Cluster 1,Region 6,No,No
99550,2016,Cluster 1,Region 5,No,No
99559,2016,Cluster 1,Region 4,No,No
99574,2016,Cluster 2,Region 5,No,No
99578,2016,Cluster 1,Region 6,No,No
99585,2016,Cluster 2,Region 10,No,No
99586,2016,Cluster 1,Region 7,No,No
99635,2016,Cluster 1,Region 9,No,No
99654,2016,Cluster 2,Region 10,No,No
99678,2016,Cluster 1,Region 6,No,No
99686,2016,Cluster 1,Region 8,No,No
99698,2016,Cluster 1,Region 6,No,No
99713,2016,Cluster 1,Region 10,No,No
99738,2016,Cluster 1,Region 4,No,No
99751,2016,Cluster 2,Region 5,No,No
99753,2016,Cluster 1,Region 8,No,No
99755,2016,Cluster 1,Region 5,No,No
99757,2016,Cluster 2,Region 9,No,No
99777,2016,Cluster 1,Region 10,No,No
99787,2016,Cluster 1,Region 5,No,No
99790,2016,Cluster 1,Region 6,No,No
99799,2016,Cluster 2,Region 8,No,No
99801,2016,Cluster 1,Region 8,No,No
99808,2016,Cluster 2,Region 5,No,No
99815,2016,Cluster 1,Region 8,No,No
99818,2016,Cluster 6,Region 10,No,No
99834,2016,Cluster 2,Region 6,No,No
99857,2016,Cluster 1,Region 7,No,No
99864,2016,Singleton,Region 10,No,No
99895,2016,Cluster 1,Region 10,No,No
99926,2016,Cluster 1,Region 8,No,No
99928,2016,Cluster 1,Region 4,No,No
99934,2016,Cluster 2,Region 9,No,No
99944,2016,Singleton,Region 6,No,No
99974,2016,Cluster 2,Region 9,No,No
99980,2016,Cluster 1,Region 9,No,No
100029,2016,Cluster 2,Region 9,No,No
100031,2016,Cluster 1,Region 7,No,No
100044,2016,Cluster 1,Region 9,No,No
100052,2016,Cluster 2,Region 10,No,No
100059,2016,Cluster 1,Region 9,No,No
100070,2016,Cluster 2,Region 10,No,No
100082,2016,Cluster 1,Region 9,No,No
100088,2016,Cluster 1,Region 8,No,No
100109,2017,Cluster 1,Region 2,No,No
100134,2017,Cluster 1,Region 5,No,No
100143,2017,Cluster 1,Region 6,No,No
100154,2019,Cluster 1,Region 6,No,No
100167,2019,Cluster 1,Region 10,No,No
100182,2019,Cluster 1,Region 6,No,No
100212,2017,Cluster 1,Region 6,No,No
100233,2017,Singleton,Region 4,No,No
100238,2017,Cluster 1,Region 6,No,No
100245,2017,Cluster 2,Region 5,No,No
100250,2017,Cluster 1,Region 5,No,No
100260,2019,Cluster 2,Region 9,No,No
100275,2019,Cluster 1,Region 10,No,No
100306,2019,Cluster 1,Region 6,No,No
100309,2019,Cluster 6,Region 10,No,No
100382,2016,Cluster 2,Region 8,No,No
100397,2016,Cluster 1,Region 9,No,No
100416,2019,Cluster 1,Region 10,No,No
100429,2019,Cluster 2,Region 5,No,No
100452,2019,Cluster 1,Region 4,No,No
100459,2019,Cluster 2,Region 7,No,No
100475,2019,Cluster 1,Region 7,No,No
100494,2017,Cluster 1,Region 1,No,No
100505,2017,Cluster 1,Region 7,No,No
100525,2019,Cluster 1,Region 7,No,No
100533,2018,Cluster 1,Region 5,No,No
100546,2018,Cluster 1,Region 8,No,No
100566,2017,Cluster 2,Region 10,No,No
100569,2019,Cluster 2,Region 1,No,No
100576,2017,Cluster 1,Region 10,No,No
100594,2017,Cluster 2,Region 9,No,No
100614,2017,Cluster 2,Region 9,No,No
100625,2017,Cluster 1,Region 2,No,No
100626,2017,Cluster 1,Region 6,No,No
100666,2016,Cluster 1,Region 5,No,No
100690,2016,Cluster 2,Region 10,No,No
100692,2016,Cluster 2,Region 5,No,No
100702,2016,Cluster 1,Region 5,No,No
100721,2016,Cluster 1,Region 7,No,No
100733,2018,Cluster 1,Region 9,No,No
100744,2018,Cluster 2,Region 6,No,No
100755,2018,Cluster 2,Region 8,No,No
100769,2018,Cluster 2,Region 6,No,No
100806,2017,Cluster 2,Region 9,No,No
100809,2017,Cluster 2,Region 10,No,No
100840,2017,Cluster 2,Region 9,No,No
100851,2018,Cluster 1,Region 2,No,No
100855,2017,Cluster 1,Region 10,No,No
100869,2017,Cluster 2,Region 6,No,No
100895,2017,Cluster 1,Region 5,No,No
100911,2018,Cluster 1,Region 6,No,No
100922,2017,Cluster 2,Region 5,No,No
100925,2017,Cluster 2,Region 5,No,No
100933,2017,Cluster 2,Region 6,No,No
100937,2018,Cluster 1,Region 5,No,No
100945,2017,Cluster 1,Region 9,No,No
100961,2018,Cluster 1,Region 6,No,No
100985,2018,Cluster 5,Region 3,No,No
100996,2017,Cluster 1,Region 9,No,No
101001,2017,Cluster 1,Region 7,No,No
101007,2017,Singleton,Region 3,No,No
101045,2018,Cluster 2,Region 9,No,No
101063,2016,Cluster 2,Region 6,No,No
101064,2017,Cluster 1,Region 6,No,No
101068,2016,Cluster 1,Region 10,No,No
101071,2017,Cluster 1,Region 9,No,No
101111,2016,Cluster 2,Region 9,No,No
101160,2017,Cluster 1,Region 8,No,No
101162,2018,Cluster 2,Region 7,No,No
101181,2018,Cluster 1,Region 7,No,No
101200,2018,Cluster 1,Region 3,No,No
101217,2018,Cluster 1,Region 7,No,No
101223,2017,Cluster 2,Region 5,No,No
101260,2016,Cluster 2,Region 10,No,No
101269,2016,Cluster 1,Region 10,No,No
101299,2016,Cluster 1,Region 8,No,No
101308,2017,Cluster 1,Region 7,No,No
101315,2017,Cluster 1,Region 9,No,No
101333,2017,Cluster 1,Region 9,No,No
101350,2016,Cluster 1,Region 7,No,No
101373,2016,Cluster 1,Region 7,No,No
101381,2016,Cluster 1,Region 10,No,No
101385,2016,Cluster 1,Region 7,No,No
101414,2017,Cluster 1,Region 3,No,No
101424,2017,Cluster 1,Region 9,No,No
101428,2017,Cluster 1,Region 9,No,No
101463,2015,Cluster 1,Region 7,No,No
101477,2015,Cluster 1,Region 7,No,No
101496,2015,Cluster 1,Region 7,No,No
101508,2015,Cluster 1,Region 7,No,No
101538,2015,Cluster 1,Region 4,No,No
101553,2015,Cluster 2,Region 5,No,No
101585,2019,Singleton,Region 6,No,No
101598,2019,Cluster 2,Region 10,No,No
101599,2019,Cluster 1,Region 8,No,No
101667,2016,Singleton,Region 5,No,No
101670,2016,Cluster 1,Region 2,No,No
101703,2019,Cluster 1,Region 8,No,No
101718,2019,Cluster 1,Region 5,No,No
101790,2019,Cluster 2,Region 10,No,No
101795,2019,Cluster 2,Region 10,No,No
101828,2017,Cluster 1,Region 5,No,No
101836,2016,Cluster 2,Region 6,No,No
101848,2016,Cluster 1,Region 6,No,No
101865,2016,Cluster 1,Region 10,No,No
101866,2016,Cluster 2,Region 10,No,No
101868,2016,Cluster 2,Region 6,No,No
101881,2016,Cluster 1,Region 2,No,No
101887,2016,Cluster 1,Region 7,No,No
101889,2016,Cluster 1,Region 7,No,No
101946,2016,Cluster 1,Region 6,No,No
101961,2016,Cluster 1,Region 8,No,No
102010,2015,Cluster 1,Region 10,No,No
102016,2015,Cluster 1,Region 7,No,No
102029,2015,Cluster 1,Region 2,No,No
102033,2015,Cluster 1,Region 6,No,No
102034,2015,Singleton,Region 5,No,No
102045,2015,Cluster 1,Region 8,No,No
102075,2015,Cluster 1,Region 6,No,No
102093,2019,Cluster 1,Region 6,No,No
102107,2019,Cluster 1,Region 5,No,No
102123,2019,Cluster 1,Region 9,No,No
102129,2019,Cluster 1,Region 7,No,No
102131,2019,Cluster 1,Region 10,No,No
102197,2019,Cluster 1,Region 7,No,No
102212,2015,Cluster 1,Region 4,No,No
102223,2015,Cluster 1,Region 4,No,No
102246,2018,Cluster 2,Region 3,No,No
102288,2018,Cluster 2,Region 2,No,No
102296,2018,Cluster 2,Region 9,No,No
102317,2018,Cluster 1,Region 7,No,No
102339,2018,Cluster 1,Region 5,No,No
102437,2017,Cluster 2,Region 10,No,No
102462,2018,Cluster 1,Region 3,No,No
102502,2018,Cluster 1,Region 9,No,No
102517,2018,Cluster 1,Region 9,No,No
102561,2018,Cluster 2,Region 8,No,No
102564,2018,Cluster 1,Region 7,No,No
102581,2018,Cluster 1,Region 5,No,No
102585,2017,Cluster 2,Region 9,No,No
102632,2018,Cluster 1,Region 7,No,No
102665,2018,Cluster 2,Region 7,No,No
102719,2017,Cluster 1,Region 6,No,No
102795,2017,Cluster 2,Region 5,No,No
102805,2018,Cluster 1,Region 5,No,No
102814,2017,Cluster 1,Region 5,No,No
102835,2017,Cluster 1,Region 5,No,No
102850,2018,Cluster 1,Region 9,No,No
102853,2018,Cluster 2,Region 9,No,No
102891,2018,Cluster 1,Region 10,No,No
102923,2018,Cluster 1,Region 10,No,No
102932,2017,Cluster 1,Region 6,No,No
102957,2018,Cluster 1,Region 9,No,No
102961,2018,Cluster 2,Region 8,No,No
102964,2018,Cluster 1,Region 8,No,No
102972,2018,Cluster 2,Region 7,No,No
102994,2017,Cluster 1,Region 7,No,No
103025,2017,Cluster 2,Region 9,No,No
103028,2017,Cluster 1,Region 7,No,No
103058,2017,Cluster 1,Region 10,No,No
103064,2017,Cluster 1,Region 9,No,No
103086,2017,Cluster 1,Region 5,No,No
103090,2017,Cluster 2,Region 9,No,No
103132,2017,Cluster 2,Region 5,No,No
103137,2017,Cluster 2,Region 5,No,No
103145,2017,Cluster 1,Region 5,No,No
103164,2017,Cluster 2,Region 9,No,No
103168,2017,Cluster 1,Region 8,No,No
103176,2017,Cluster 1,Region 6,No,No
103182,2017,Cluster 1,Region 8,No,No
103201,2017,Cluster 1,Region 10,No,No
103241,2017,Cluster 2,Region 10,No,No
103250,2017,Cluster 1,Region 9,No,No
103270,2017,Cluster 2,Region 4,No,No
103276,2017,Cluster 1,Region 8,No,No
103281,2017,Cluster 2,Region 9,No,No
103294,2017,Cluster 2,Region 9,No,No
103332,2017,Cluster 1,Region 5,No,No
103334,2017,Cluster 1,Region 10,No,No
103336,2017,Cluster 1,Region 2,No,No
103355,2018,Cluster 2,Region 6,No,No
103400,2018,Cluster 1,Region 6,No,No
103426,2018,Cluster 1,Region 5,No,No
103433,2018,Cluster 1,Region 6,No,No
103435,2018,Singleton,Region 5,No,No
103442,2017,Cluster 1,Region 7,No,No
103491,2017,Cluster 7,Region 7,No,No
103510,2017,Cluster 2,Region 5,No,No
103524,2017,Cluster 2,Region 10,No,No
103564,2017,Singleton,Region 5,No,No
103582,2017,Cluster 1,Region 6,No,No
103589,2017,Cluster 1,Region 4,No,No
103637,2017,Cluster 2,Region 6,No,No
103653,2017,Cluster 1,Region 5,No,No
103655,2017,Cluster 2,Region 10,No,No
103660,2017,Cluster 2,Region 6,No,No
103680,2017,Cluster 1,Region 5,No,No
103684,2017,Cluster 1,Region 5,No,No
103696,2017,Cluster 1,Region 8,No,No
103700,2017,Cluster 1,Region 7,No,No
103701,2017,Cluster 2,Region 5,No,No
103711,2017,Cluster 2,Region 4,No,No
103715,2017,Singleton,Region 10,No,No
103753,2017,Cluster 2,Region 9,No,No
103783,2017,Cluster 2,Region 10,No,No
103797,2017,Cluster 1,Region 2,No,No
103804,2017,Cluster 1,Region 9,No,No
103829,2017,Cluster 1,Region 4,No,No
103839,2017,Cluster 1,Region 4,No,No
103847,2017,Cluster 1,Region 5,No,No
103876,2017,Cluster 1,Region 8,No,No
103886,2017,Cluster 1,Region 7,No,No
103912,2017,Cluster 2,Region 4,No,No
103923,2017,Cluster 1,Region 9,No,No
103927,2017,Cluster 1,Region 7,No,No
103986,2017,Cluster 1,Region 2,No,No
103992,2017,Cluster 2,Region 9,No,No
104034,2017,Cluster 1,Region 2,No,No
104079,2017,Cluster 2,Region 5,No,No
104092,2017,Cluster 1,Region 7,No,No
104099,2017,Cluster 2,Region 5,No,No
104104,2017,Cluster 1,Region 5,No,No
104107,2017,Cluster 2,Region 9,No,No
104114,2017,Cluster 1,Region 10,No,No
104119,2016,Cluster 1,Region 9,No,No
104165,2016,Cluster 1,Region 5,No,No
104176,2016,Cluster 1,Region 8,No,No
104197,2016,Cluster 1,Region 5,No,No
104201,2016,Cluster 1,Region 6,No,No
104214,2016,Cluster 2,Region 5,No,No
104221,2016,Cluster 1,Region 3,No,No
104250,2016,Cluster 2,Region 10,No,No
104255,2015,Cluster 1,Region 6,No,No
104259,2015,Cluster 1,Region 4,No,No
104264,2015,Cluster 1,Region 5,No,No
104299,2015,Cluster 1,Region 7,No,No
104311,2015,Cluster 1,Region 4,No,No
104314,2015,Cluster 1,Region 10,No,No
104343,2015,Cluster 5,Region 4,No,No
104354,2015,Cluster 1,Region 6,No,No
104355,2015,Cluster 2,Region 8,No,No
104364,2015,Cluster 2,Region 5,No,No
104419,2019,Cluster 1,Region 2,No,No
104433,2019,Cluster 1,Region 7,No,No
104436,2019,Cluster 1,Region 9,No,No
104484,2019,Cluster 2,Region 6,No,No
104511,2019,Cluster 2,Region 9,No,No
104526,2019,Cluster 1,Region 10,No,No
104546,2018,Cluster 2,Region 10,No,No
104548,2018,Cluster 2,Region 9,No,No
104556,2018,Cluster 2,Region 7,No,No
104587,2019,Cluster 1,Region 8,No,No
104665,2018,Cluster 1,Region 4,No,No
104667,2019,Cluster 1,Region 9,No,No
104687,2018,Cluster 1,Region 8,No,No
104691,2018,Cluster 1,Region 9,No,No
104719,2019,Cluster 1,Region 7,No,No
104798,2019,Cluster 1,Region 9,No,No
104805,2019,Cluster 1,Region 3,No,No
104817,2018,Cluster 1,Region 5,No,No
104821,2019,Cluster 1,Region 7,No,No
104867,2018,Cluster 1,Region 5,No,No
104891,2018,Cluster 1,Region 3,No,No
104904,2018,Cluster 2,Region 9,No,No
104932,2018,Cluster 1,Region 5,No,No
104990,2018,Cluster 1,Region 5,No,No
105014,2018,Cluster 4,Region 5,No,No
105017,2018,Cluster 1,Region 9,No,No
105020,2018,Cluster 4,Region 6,No,No
105042,2018,Cluster 1,Region 7,No,No
105060,2018,Singleton,Region 1,No,No
105092,2018,Cluster 2,Region 10,No,No
105128,2018,Cluster 2,Region 9,No,No
105148,2018,Cluster 2,Region 9,No,No
105196,2018,Cluster 1,Region 7,No,No
105199,2018,Cluster 1,Region 5,No,No
105215,2018,Cluster 1,Region 6,No,No
105216,2018,Cluster 2,Region 8,No,No
105220,2018,Cluster 1,Region 5,No,No
105221,2018,Cluster 2,Region 5,No,No
105281,2018,Cluster 1,Region 3,No,No
105297,2018,Cluster 1,Region 3,No,No
105313,2018,Cluster 2,Region 9,No,No
105326,2018,Cluster 2,Region 9,No,No
105329,2018,Cluster 1,Region 7,No,No
105397,2018,Cluster 1,Region 10,No,No
105419,2018,Cluster 2,Region 4,No,No
105420,2018,Cluster 1,Region 9,No,No
105440,2018,Cluster 1,Region 3,No,No
113029,2015,Cluster 1,Region 4,No,No
120025,2019,Cluster 2,Region 5,No,No
120051,2019,Cluster 2,Region 10,No,No
120200,2019,Cluster 2,Region 5,No,No
120287,2019,Singleton,Region 9,No,No
120317,2019,Cluster 1,Region 4,No,No
120351,2019,Cluster 1,Region 9,No,No
120382,2019,Cluster 1,Region 4,No,No
120433,2019,Cluster 1,Region 9,No,No
120453,2019,Cluster 1,Region 3,No,No
120538,2019,Cluster 2,Region 4,No,No
120593,2019,Cluster 2,Region 8,No,No
120607,2019,Cluster 1,Region 8,No,No
120629,2019,Cluster 2,Region 10,No,No
120672,2019,Cluster 1,Region 5,No,No
120708,2019,Cluster 1,Region 10,No,No
120791,2019,Cluster 2,Region 9,No,No
120891,2019,Cluster 1,Region 7,No,No
120911,2019,Cluster 1,Region 6,No,No
120929,2019,Cluster 1,Region 7,No,No
120962,2019,Cluster 1,Region 5,No,No
120968,2019,Cluster 1,Region 4,No,No
120969,2019,Cluster 1,Region 10,No,No
120975,2019,Cluster 2,Region 5,No,No
120991,2019,Cluster 2,Region 5,No,No
121023,2019,Cluster 1,Region 6,No,No
121106,2019,Cluster 1,Region 10,No,No
121107,2019,Cluster 1,Region 10,No,No
121111,2019,Cluster 1,Region 3,No,No
121156,2019,Cluster 2,Region 10,No,No
121168,2019,Cluster 1,Region 9,No,No
121172,2019,Cluster 2,Region 5,No,No
121240,2019,Cluster 1,Region 10,No,No
121241,2019,Cluster 1,Region 8,No,No
121252,2019,Singleton,Region 3,No,No
121272,2019,Singleton,Region 5,No,No
121323,2019,Cluster 2,Region 9,No,No
121333,2019,Cluster 1,Region 5,No,No
121344,2019,Cluster 1,Region 1,No,No
121408,2019,Cluster 1,Region 9,No,No
121436,2019,Cluster 1,Region 10,No,No
121441,2019,Cluster 1,Region 2,No,No
121599,2019,Cluster 1,Region 4,No,No
121600,2019,Cluster 1,Region 8,No,No
121614,2019,Cluster 2,Region 9,No,No
121743,2019,Singleton,Region 3,No,No
121751,2019,Cluster 2,Region 10,No,No
121776,2019,Cluster 1,Region 5,No,No
121784,2019,Cluster 2,Region 8,No,No
121793,2019,Cluster 2,Region 9,No,No
121828,2019,Cluster 1,Region 4,No,No
121859,2019,Cluster 1,Region 10,No,No
121920,2019,Cluster 1,Region 5,No,No
121994,2019,Cluster 2,Region 6,No,No
122003,2019,Cluster 2,Region 5,No,No
122177,2019,Cluster 1,Region 7,No,No
122229,2019,Cluster 2,Region 8,No,No
122255,2019,Cluster 1,Region 3,No,No
122274,2019,Cluster 1,Region 6,No,No
122277,2019,Cluster 1,Region 9,No,No
122703,2019,Cluster 1,Region 9,No,No
122710,2020,Cluster 1,Region 4,No,No
122757,2020,Cluster 1,Region 5,No,No
122901,2020,Cluster 2,Region 5,No,No
122907,2020,Cluster 1,Region 9,No,No
122949,2020,Cluster 1,Region 7,No,No
123016,2020,Cluster 2,Region 9,No,No
123098,2020,Cluster 1,Region 10,No,No
123230,2020,Cluster 1,Region 3,No,No
123289,2020,Cluster 1,Region 1,No,No
123294,2020,Cluster 1,Region 5,No,No
123498,2020,Cluster 2,Region 10,No,No
123499,2020,Cluster 2,Region 5,No,No
123504,2020,Cluster 3,Region 7,No,No
123509,2020,Cluster 2,Region 5,No,No
123908,2020,Cluster 1,Region 4,No,No
123953,2020,Cluster 1,Region 9,No,No
124221,2020,Cluster 1,Region 3,No,No
124326,2020,Cluster 1,Region 6,No,No
124329,2020,Cluster 1,Region 2,No,No
124340,2020,Cluster 2,Region 6,No,No
124394,2020,Cluster 2,Region 8,No,No
124549,2020,Cluster 1,Region 9,No,No
124689,2020,Cluster 1,Region 5,No,No
124702,2020,Cluster 1,Region 7,No,No
124791,2020,Cluster 1,Region 6,No,No
124792,2020,Cluster 2,Region 6,No,No
124798,2020,Cluster 2,Region 10,No,No
124799,2020,Cluster 1,Region 10,No,No
124904,2020,Cluster 2,Region 9,No,No
124953,2020,Cluster 1,Region 10,No,No
124980,2020,Cluster 1,Region 7,No,No
124995,2020,Cluster 1,Region 7,No,No
125020,2020,Cluster 1,Region 3,No,No
125077,2020,Cluster 1,Region 10,No,No
125104,2020,Cluster 1,Region 9,No,No
125182,2020,Cluster 2,Region 5,No,No
125411,2020,Cluster 2,Region 10,No,No
125418,2020,Cluster 1,Region 6,No,No
125532,2020,Cluster 1,Region 10,No,No
125553,2020,Cluster 2,Region 9,No,No
125561,2020,Cluster 2,Region 5,No,No
125654,2020,Cluster 1,Region 7,No,No
125660,2020,Cluster 1,Region 9,No,No
125767,2020,Cluster 1,Region 7,No,No
125771,2020,Cluster 2,Region 7,No,No
125981,2020,Cluster 1,Region 8,No,No
126024,2020,Singleton,Region 9,No,No
126094,2020,Cluster 1,Region 7,No,No
126160,2020,Cluster 2,Region 5,No,No
126184,2020,Singleton,Region 3,No,No
126199,2020,Cluster 1,Region 6,No,No
126257,2020,Cluster 1,Region 8,No,No
126378,2021,Cluster 2,Region 2,No,No
126421,2021,Cluster 2,Region 10,No,No
126527,2021,Cluster 1,Region 8,No,No
126529,2021,Cluster 2,Region 10,No,No
126614,2021,Cluster 2,Region 9,No,No
126630,2021,Cluster 1,Region 8,No,No
126631,2021,Cluster 1,Region 7,No,No
126686,2021,Cluster 1,Region 1,No,No
126755,2021,Cluster 1,Region 4,No,No
126834,2021,Cluster 2,Region 9,No,No
126839,2021,Cluster 1,Region 9,No,No
126975,2021,Cluster 1,Region 10,No,No
127108,2021,Cluster 2,Region 10,No,No
127114,2021,Cluster 2,Region 6,No,No
127221,2021,Cluster 1,Region 6,No,No
127241,2021,Cluster 5,Region 3,No,No
127242,2021,Cluster 1,Region 5,No,No
127300,2020,Cluster 1,Region 1,No,No
127342,2020,Cluster 1,Region 6,No,No
127449,2021,Cluster 1,Region 2,No,No
127456,2021,Cluster 2,Region 5,No,No
127517,2021,Cluster 2,Region 3,No,No
127524,2021,Cluster 1,Region 9,No,No
127711,2021,Cluster 2,Region 8,No,No
127719,2021,Cluster 1,Region 10,No,No
127726,2021,Cluster 1,Region 4,No,No
127742,2021,Cluster 2,Region 9,No,No
127747,2021,Cluster 2,Region 5,No,No
127856,2021,Cluster 2,Region 8,No,No
127858,2021,Cluster 3,Region 5,No,No
127863,2021,Cluster 1,Region 5,No,No
127865,2021,Cluster 1,Region 7,No,No
127932,2021,Cluster 1,Region 8,No,No
127956,2021,Cluster 1,Region 10,No,No
128005,2021,Cluster 2,Region 8,No,No
128017,2021,Cluster 1,Region 5,No,No
128046,2021,Cluster 2,Region 2,No,No
128050,2021,Cluster 1,Region 3,No,No
128060,2021,Singleton,Region 3,No,No
128205,2021,Cluster 1,Region 10,No,No
128305,2021,Cluster 1,Region 6,No,No
128433,2021,Cluster 2,Region 5,No,No
128438,2021,Cluster 1,Region 10,No,No
128439,2021,Cluster 1,Region 4,No,No
128554,2021,Cluster 6,Region 10,No,No
128616,2021,Cluster 2,Region 5,No,No
128829,2021,Cluster 1,Region 1,No,No
128895,2021,Cluster 2,Region 8,No,No
128897,2021,Cluster 1,Region 1,No,No
128898,2021,Cluster 1,Region 10,No,No
128908,2021,Cluster 2,Region 6,No,No
129019,2021,Cluster 2,Region 2,No,No
129022,2021,Cluster 1,Region 6,No,No
129074,2021,Cluster 2,Region 4,No,No
129165,2021,Cluster 2,Region 4,No,No
129267,2021,Cluster 2,Region 8,No,No
129269,2021,Cluster 2,Region 9,No,No
129347,2021,Cluster 1,Region 5,No,No
129486,2021,Cluster 1,Region 7,No,No
129499,2021,Cluster 1,Region 6,No,No
129544,2021,Cluster 1,Region 7,No,No
129557,2021,Cluster 2,Region 9,No,No
129567,2021,Cluster 1,Region 6,No,No
129572,2021,Cluster 1,Region 2,No,No
129657,2022,Cluster 2,Region 5,No,No
129659,2022,Cluster 1,Region 3,No,No
129690,2022,Cluster 2,Region 5,No,No
129693,2022,Cluster 2,Region 10,No,No
129738,2022,Cluster 1,Region 8,No,No
129817,2022,Cluster 2,Region 7,No,No
129862,2022,Cluster 1,Region 6,No,No
129995,2022,Cluster 1,Region 6,No,No
130067,2022,Cluster 1,Region 9,No,No
130142,2022,Cluster 1,Region 7,No,No
130159,2022,Cluster 1,Region 8,No,No
130165,2022,Cluster 1,Region 6,No,No
130209,2022,Singleton,Region 3,No,No
130212,2022,Cluster 2,Region 9,No,No
130284,2022,Cluster 1,Region 3,No,No
130303,2022,Cluster 3,Region 5,No,No
130364,2022,Cluster 2,Region 9,No,No
130383,2022,Cluster 2,Region 7,No,No
130441,2022,Cluster 2,Region 10,No,No
130445,2022,Cluster 1,Region 3,No,No
130447,2022,Cluster 1,Region 4,No,No
130481,2022,Cluster 1,Region 5,No,No
130529,2022,Cluster 2,Region 2,No,No
130531,2022,Cluster 1,Region 9,No,No
130585,2022,Cluster 1,Region 4,No,No
130641,2022,Cluster 1,Region 5,No,No
130675,2022,Singleton,Region 3,No,No
130812,2022,Cluster 2,Region 10,No,No
130868,2022,Cluster 2,Region 8,No,No
130881,2022,Cluster 3,Region 6,No,No
131221,2022,Cluster 1,Region 4,No,No
131230,2022,Cluster 2,Region 5,No,No
131579,2022,Cluster 1,Region 9,No,No
131580,2022,Cluster 1,Region 9,No,No
131696,2022,Cluster 1,Region 8,No,No
131846,2022,Cluster 3,Region 5,No,No
131856,2022,Cluster 1,Region 2,No,No
131995,2022,Cluster 1,Region 8,No,No
132143,2022,Cluster 1,Region 5,No,No
132213,2022,Cluster 2,Region 10,No,No
132218,2022,Cluster 2,Region 5,No,No
132326,2022,Cluster 1,Region 7,No,No
132339,2022,Cluster 1,Region 7,No,No
132348,2022,Cluster 2,Region 10,No,No
132439,2022,Cluster 2,Region 10,No,No
132482,2022,Cluster 1,Region 7,No,No
132540,2022,Cluster 1,Region 7,No,No
132632,2022,Cluster 1,Region 4,No,No
132660,2022,Cluster 2,Region 9,No,No
132765,2022,Cluster 1,Region 4,No,No
132787,2022,Cluster 3,Region 5,No,No
132858,2023,Cluster 3,Region 4,No,No
132879,2023,Cluster 1,Region 4,No,No
132881,2023,Cluster 2,Region 9,No,No
132974,2023,Cluster 2,Region 5,No,No
132979,2023,Cluster 1,Region 9,No,No
132981,2023,Cluster 1,Region 4,No,No
132986,2023,Cluster 2,Region 7,No,No
132988,2023,Cluster 2,Region 4,No,No
133068,2023,Cluster 2,Region 8,No,No
133069,2023,Cluster 2,Region 10,No,No
133079,2023,Cluster 1,Region 7,No,No
133083,2023,Cluster 3,Region 3,No,No
133132,2023,Cluster 1,Region 10,No,No
133193,2023,Cluster 1,Region 6,No,No
133236,2023,Cluster 2,Region 5,No,No
133480,2023,Cluster 1,Region 5,No,No
133498,2023,Singleton,Region 7,No,No
133558,2023,Cluster 1,Region 10,No,No
133563,2023,Cluster 2,Region 10,No,No
134810,2020,Cluster 1,Region 4,No,No
135201,2020,Cluster 1,Region 6,No,No
135335,2020,Singleton,Region 3,No,No
135481,2020,Cluster 1,Region 3,No,No
135536,2020,Cluster 1,Region 9,No,No
136001,2020,Cluster 1,Region 6,No,No
136264,2021,Cluster 1,Region 9,No,No
136638,2021,Cluster 1,Region 4,No,No
136656,2021,Cluster 1,Region 4,No,No
137177,2021,Cluster 1,Region 6,No,No
139047,2022,Cluster 1,Region 7,No,No
139268,2022,Cluster 1,Region 9,No,No
139974,2022,Cluster 1,Region 5,No,No
140241,2023,Cluster 1,Region 4,No,No
140591,2019,Cluster 1,Region 6,No,No
140801,2019,Cluster 1,Region 4,No,No
141767,2021,Cluster 1,Region 7,No,No
141770,2021,Cluster 1,Region 7,No,No
142312,2022,Cluster 1,Region 5,No,No
142375,2022,Cluster 1,Region 9,No,No
142387,2022,Cluster 1,Region 6,No,No
142393,2022,Cluster 1,Region 6,No,No
142650,2022,Cluster 3,Region 7,No,No
143487,2012,Cluster 1,Region 5,No,Yes
143488,2012,Cluster 1,Region 5,No,Yes
143489,2012,Cluster 1,Region 5,No,Yes
143490,2012,Cluster 1,Region 5,No,Yes
143491,2012,Cluster 1,Region 5,No,Yes
143492,2012,Cluster 1,Region 5,No,Yes
143493,2012,Cluster 1,Region 5,No,Yes
